{"cameraMode":{"drawMode":0,"name":"Shaded","section":"Shading Mode"},"sceneLighting":false,"audioPlay":false,"sceneViewState":{"showFog":true,"showMaterialUpdate":false,"showSkybox":false,"showFlares":true,"showImageEffects":true,"showParticleSystems":true,"showVisualEffectGraphs":true,"m_FxEnabled":true},"in2DMode":false,"pivot":{"x":-2.384185791015625e-7,"y":-0.028033733367919923,"z":0.08911716938018799},"rotation":{"x":-0.4508856236934662,"y":0.32550346851348879,"z":-0.18092487752437592,"w":-0.811189591884613},"size":3.9899847507476808,"orthographic":false}