{"cameraMode":{"drawMode":0,"name":"Shaded","section":"Shading Mode"},"sceneLighting":true,"audioPlay":false,"sceneViewState":{"showFog":true,"showMaterialUpdate":false,"showSkybox":true,"showFlares":true,"showImageEffects":true,"showParticleSystems":true,"showVisualEffectGraphs":true,"m_FxEnabled":true},"in2DMode":false,"pivot":{"x":273.0709228515625,"y":395.5243835449219,"z":51.6947021484375},"rotation":{"x":0.002999713644385338,"y":0.016804877668619157,"z":0.00004916871330351569,"w":-0.999867856502533},"size":476.27313232421877,"orthographic":false}