{"cameraMode":{"drawMode":0,"name":"Shaded","section":"Shading Mode"},"sceneLighting":true,"audioPlay":false,"sceneViewState":{"showFog":true,"showMaterialUpdate":false,"showSkybox":true,"showFlares":true,"showImageEffects":true,"showParticleSystems":true,"showVisualEffectGraphs":true,"m_FxEnabled":true},"in2DMode":false,"pivot":{"x":8.980130195617676,"y":-20.447830200195314,"z":-29.823463439941408},"rotation":{"x":-0.47530466318130495,"y":-0.0007944430690258741,"z":0.0004292747762519866,"w":-0.8798224329948425},"size":98.39879608154297,"orthographic":false}