{"cameraMode":{"drawMode":0,"name":"Shaded","section":"Shading Mode"},"sceneLighting":false,"audioPlay":false,"sceneViewState":{"showFog":true,"showMaterialUpdate":false,"showSkybox":false,"showFlares":true,"showImageEffects":true,"showParticleSystems":true},"in2DMode":false,"pivot":{"x":-1.2509765625,"y":1.541015625,"z":-70.174560546875},"rotation":{"x":-0.6759651303291321,"y":0.016791047528386117,"z":-0.015415944159030915,"w":-0.7365992069244385},"size":5.656854152679443,"orthographic":true}