{"cameraMode":{"drawMode":0,"name":"Shaded","section":"Shading Mode"},"sceneLighting":false,"audioPlay":false,"sceneViewState":{"showFog":true,"showMaterialUpdate":false,"showSkybox":false,"showFlares":true,"showImageEffects":true,"showParticleSystems":true},"in2DMode":false,"pivot":{"x":4.76837158203125e-7,"y":-0.000006198883056640625,"z":-0.000001430511474609375},"rotation":{"x":-0.00045340487849898636,"y":-0.9274114966392517,"z":0.37407809495925906,"w":-0.0011143393348902464},"size":7.797755241394043,"orthographic":true}