{"cameraMode":{"drawMode":0,"name":"Shaded","section":"Shading Mode"},"sceneLighting":false,"audioPlay":false,"sceneViewState":{"showFog":true,"showMaterialUpdate":false,"showSkybox":false,"showFlares":true,"showImageEffects":true,"showParticleSystems":true},"in2DMode":false,"pivot":{"x":-4.375300884246826,"y":8.049110412597657,"z":-74.41187286376953},"rotation":{"x":0.005585122387856245,"y":-0.8259903788566589,"z":0.008170513436198235,"w":0.5636324882507324},"size":4.3545684814453129,"orthographic":true}