{"cameraMode":{"drawMode":0,"name":"Shaded","section":"Shading Mode"},"sceneLighting":false,"audioPlay":false,"sceneViewState":{"showFog":true,"showMaterialUpdate":false,"showSkybox":false,"showFlares":true,"showImageEffects":true,"showParticleSystems":true},"in2DMode":false,"pivot":{"x":0.44999998807907107,"y":-0.3579998016357422,"z":-2.4109973907470705},"rotation":{"x":0.6707561016082764,"y":-0.028907697647809984,"z":0.02616645209491253,"w":0.7406788468360901},"size":2.7548274993896486,"orthographic":true}