{"cameraMode":{"drawMode":0,"name":"Shaded","section":"Shading Mode"},"sceneLighting":true,"audioPlay":false,"sceneViewState":{"showFog":true,"showMaterialUpdate":false,"showSkybox":true,"showFlares":true,"showImageEffects":true,"showParticleSystems":true},"in2DMode":false,"pivot":{"x":22.493276596069337,"y":30.97303009033203,"z":-336.5635681152344},"rotation":{"x":0.0464802160859108,"y":0.011986752972006798,"z":-0.0005571530200541019,"w":0.9988505840301514},"size":53.71738052368164,"orthographic":true}