{"cameraMode":{"drawMode":0,"name":"Shaded","section":"Shading Mode"},"sceneLighting":false,"audioPlay":false,"sceneViewState":{"showFog":true,"showMaterialUpdate":false,"showSkybox":false,"showFlares":true,"showImageEffects":true,"showParticleSystems":true},"in2DMode":false,"pivot":{"x":-4.171736717224121,"y":7.354264259338379,"z":-74.54470825195313},"rotation":{"x":0.09484252333641052,"y":-0.700116753578186,"z":0.09465569257736206,"w":0.7013739347457886},"size":6.886436939239502,"orthographic":true}